Target;Target_Namespace;Target_Type;Target_Method;Job_Id;Job_AnalyzeLaunchVariance;Job_EvaluateOverhead;Job_MaxAbsoluteError;Job_MaxRelativeError;Job_MinInvokeCount;Job_MinIterationTime;Job_OutlierMode;Job_Affinity;Job_EnvironmentVariables;Job_Jit;Job_Platform;Job_PowerPlanMode;Job_Runtime;Job_AllowVeryLargeObjects;Job_Concurrent;Job_CpuGroups;Job_Force;Job_HeapAffinitizeMask;Job_HeapCount;Job_NoAffinitize;Job_RetainVm;Job_Server;Job_Arguments;Job_BuildConfiguration;Job_Clock;Job_EngineFactory;Job_NuGetReferences;Job_Toolchain;Job_IsMutator;Job_InvocationCount;Job_IterationCount;Job_IterationTime;Job_LaunchCount;Job_MaxIterationCount;Job_MaxWarmupIterationCount;Job_MinIterationCount;Job_MinWarmupIterationCount;Job_RunStrategy;Job_UnrollFactor;Job_WarmupCount;Job_Display;Params;Measurement_LaunchIndex;Measurement_IterationMode;Measurement_IterationStage;Measurement_IterationIndex;Measurement_Nanoseconds;Measurement_Operations;Measurement_Value;Gen_0;Gen_1;Gen_2;Allocated_Bytes
CaseInstanceControllerBenchmark.CreateCaseWithOneTask;CaseManagement.CMMN.Benchmark;CaseInstanceControllerBenchmark;CreateCaseWithOneTask;InProcess;Default;Default;Default;Default;Default;Default;Default;Default;Default;Default;Default;Default;Default;Default;Default;Default;Default;Default;Default;Default;Default;Default;Default;Default;Default;Default;Default;InProcessEmitToolchain;Default;Default;Default;Default;Default;Default;Default;Default;Default;Default;Default;Default;InProcess(Toolchain=InProcessEmitToolchain);;1;Workload;Result;1;11318300;1;11318300;0;0;0;8920
CaseInstanceControllerBenchmark.CreateCaseWithOneTask;CaseManagement.CMMN.Benchmark;CaseInstanceControllerBenchmark;CreateCaseWithOneTask;InProcess;Default;Default;Default;Default;Default;Default;Default;Default;Default;Default;Default;Default;Default;Default;Default;Default;Default;Default;Default;Default;Default;Default;Default;Default;Default;Default;Default;InProcessEmitToolchain;Default;Default;Default;Default;Default;Default;Default;Default;Default;Default;Default;Default;InProcess(Toolchain=InProcessEmitToolchain);;1;Workload;Result;2;9593100;1;9593100;0;0;0;8920
CaseInstanceControllerBenchmark.CreateCaseWithOneTask;CaseManagement.CMMN.Benchmark;CaseInstanceControllerBenchmark;CreateCaseWithOneTask;InProcess;Default;Default;Default;Default;Default;Default;Default;Default;Default;Default;Default;Default;Default;Default;Default;Default;Default;Default;Default;Default;Default;Default;Default;Default;Default;Default;Default;InProcessEmitToolchain;Default;Default;Default;Default;Default;Default;Default;Default;Default;Default;Default;Default;InProcess(Toolchain=InProcessEmitToolchain);;1;Workload;Result;3;9284600;1;9284600;0;0;0;8920
CaseInstanceControllerBenchmark.CreateCaseWithOneTask;CaseManagement.CMMN.Benchmark;CaseInstanceControllerBenchmark;CreateCaseWithOneTask;InProcess;Default;Default;Default;Default;Default;Default;Default;Default;Default;Default;Default;Default;Default;Default;Default;Default;Default;Default;Default;Default;Default;Default;Default;Default;Default;Default;Default;InProcessEmitToolchain;Default;Default;Default;Default;Default;Default;Default;Default;Default;Default;Default;Default;InProcess(Toolchain=InProcessEmitToolchain);;1;Workload;Result;4;8998200;1;8998200;0;0;0;8920
CaseInstanceControllerBenchmark.CreateCaseWithOneTask;CaseManagement.CMMN.Benchmark;CaseInstanceControllerBenchmark;CreateCaseWithOneTask;InProcess;Default;Default;Default;Default;Default;Default;Default;Default;Default;Default;Default;Default;Default;Default;Default;Default;Default;Default;Default;Default;Default;Default;Default;Default;Default;Default;Default;InProcessEmitToolchain;Default;Default;Default;Default;Default;Default;Default;Default;Default;Default;Default;Default;InProcess(Toolchain=InProcessEmitToolchain);;1;Workload;Result;5;8031000;1;8031000;0;0;0;8920
CaseInstanceControllerBenchmark.CreateCaseWithOneTask;CaseManagement.CMMN.Benchmark;CaseInstanceControllerBenchmark;CreateCaseWithOneTask;InProcess;Default;Default;Default;Default;Default;Default;Default;Default;Default;Default;Default;Default;Default;Default;Default;Default;Default;Default;Default;Default;Default;Default;Default;Default;Default;Default;Default;InProcessEmitToolchain;Default;Default;Default;Default;Default;Default;Default;Default;Default;Default;Default;Default;InProcess(Toolchain=InProcessEmitToolchain);;1;Workload;Result;6;7145500;1;7145500;0;0;0;8920
CaseInstanceControllerBenchmark.CreateCaseWithOneTask;CaseManagement.CMMN.Benchmark;CaseInstanceControllerBenchmark;CreateCaseWithOneTask;InProcess;Default;Default;Default;Default;Default;Default;Default;Default;Default;Default;Default;Default;Default;Default;Default;Default;Default;Default;Default;Default;Default;Default;Default;Default;Default;Default;Default;InProcessEmitToolchain;Default;Default;Default;Default;Default;Default;Default;Default;Default;Default;Default;Default;InProcess(Toolchain=InProcessEmitToolchain);;1;Workload;Result;7;7962300;1;7962300;0;0;0;8920
CaseInstanceControllerBenchmark.CreateCaseWithOneTask;CaseManagement.CMMN.Benchmark;CaseInstanceControllerBenchmark;CreateCaseWithOneTask;InProcess;Default;Default;Default;Default;Default;Default;Default;Default;Default;Default;Default;Default;Default;Default;Default;Default;Default;Default;Default;Default;Default;Default;Default;Default;Default;Default;Default;InProcessEmitToolchain;Default;Default;Default;Default;Default;Default;Default;Default;Default;Default;Default;Default;InProcess(Toolchain=InProcessEmitToolchain);;1;Workload;Result;8;9842600;1;9842600;0;0;0;8920
CaseInstanceControllerBenchmark.CreateCaseWithOneTask;CaseManagement.CMMN.Benchmark;CaseInstanceControllerBenchmark;CreateCaseWithOneTask;InProcess;Default;Default;Default;Default;Default;Default;Default;Default;Default;Default;Default;Default;Default;Default;Default;Default;Default;Default;Default;Default;Default;Default;Default;Default;Default;Default;Default;InProcessEmitToolchain;Default;Default;Default;Default;Default;Default;Default;Default;Default;Default;Default;Default;InProcess(Toolchain=InProcessEmitToolchain);;1;Workload;Result;9;6836600;1;6836600;0;0;0;8920
CaseInstanceControllerBenchmark.CreateCaseWithOneTask;CaseManagement.CMMN.Benchmark;CaseInstanceControllerBenchmark;CreateCaseWithOneTask;InProcess;Default;Default;Default;Default;Default;Default;Default;Default;Default;Default;Default;Default;Default;Default;Default;Default;Default;Default;Default;Default;Default;Default;Default;Default;Default;Default;Default;InProcessEmitToolchain;Default;Default;Default;Default;Default;Default;Default;Default;Default;Default;Default;Default;InProcess(Toolchain=InProcessEmitToolchain);;1;Workload;Result;10;9578500;1;9578500;0;0;0;8920
CaseInstanceControllerBenchmark.CreateCaseWithOneTask;CaseManagement.CMMN.Benchmark;CaseInstanceControllerBenchmark;CreateCaseWithOneTask;InProcess;Default;Default;Default;Default;Default;Default;Default;Default;Default;Default;Default;Default;Default;Default;Default;Default;Default;Default;Default;Default;Default;Default;Default;Default;Default;Default;Default;InProcessEmitToolchain;Default;Default;Default;Default;Default;Default;Default;Default;Default;Default;Default;Default;InProcess(Toolchain=InProcessEmitToolchain);;1;Workload;Result;11;8768000;1;8768000;0;0;0;8920
CaseInstanceControllerBenchmark.CreateCaseWithOneTask;CaseManagement.CMMN.Benchmark;CaseInstanceControllerBenchmark;CreateCaseWithOneTask;InProcess;Default;Default;Default;Default;Default;Default;Default;Default;Default;Default;Default;Default;Default;Default;Default;Default;Default;Default;Default;Default;Default;Default;Default;Default;Default;Default;Default;InProcessEmitToolchain;Default;Default;Default;Default;Default;Default;Default;Default;Default;Default;Default;Default;InProcess(Toolchain=InProcessEmitToolchain);;1;Workload;Result;12;7363300;1;7363300;0;0;0;8920
CaseInstanceControllerBenchmark.CreateCaseWithOneTask;CaseManagement.CMMN.Benchmark;CaseInstanceControllerBenchmark;CreateCaseWithOneTask;InProcess;Default;Default;Default;Default;Default;Default;Default;Default;Default;Default;Default;Default;Default;Default;Default;Default;Default;Default;Default;Default;Default;Default;Default;Default;Default;Default;Default;InProcessEmitToolchain;Default;Default;Default;Default;Default;Default;Default;Default;Default;Default;Default;Default;InProcess(Toolchain=InProcessEmitToolchain);;1;Workload;Result;13;8860300;1;8860300;0;0;0;8920
CaseInstanceControllerBenchmark.CreateCaseWithOneTask;CaseManagement.CMMN.Benchmark;CaseInstanceControllerBenchmark;CreateCaseWithOneTask;InProcess;Default;Default;Default;Default;Default;Default;Default;Default;Default;Default;Default;Default;Default;Default;Default;Default;Default;Default;Default;Default;Default;Default;Default;Default;Default;Default;Default;InProcessEmitToolchain;Default;Default;Default;Default;Default;Default;Default;Default;Default;Default;Default;Default;InProcess(Toolchain=InProcessEmitToolchain);;1;Workload;Result;14;7686300;1;7686300;0;0;0;8920
CaseInstanceControllerBenchmark.CreateCaseWithOneTask;CaseManagement.CMMN.Benchmark;CaseInstanceControllerBenchmark;CreateCaseWithOneTask;InProcess;Default;Default;Default;Default;Default;Default;Default;Default;Default;Default;Default;Default;Default;Default;Default;Default;Default;Default;Default;Default;Default;Default;Default;Default;Default;Default;Default;InProcessEmitToolchain;Default;Default;Default;Default;Default;Default;Default;Default;Default;Default;Default;Default;InProcess(Toolchain=InProcessEmitToolchain);;1;Workload;Result;15;8101800;1;8101800;0;0;0;8920
CaseInstanceControllerBenchmark.CreateCaseWithOneTask;CaseManagement.CMMN.Benchmark;CaseInstanceControllerBenchmark;CreateCaseWithOneTask;InProcess;Default;Default;Default;Default;Default;Default;Default;Default;Default;Default;Default;Default;Default;Default;Default;Default;Default;Default;Default;Default;Default;Default;Default;Default;Default;Default;Default;InProcessEmitToolchain;Default;Default;Default;Default;Default;Default;Default;Default;Default;Default;Default;Default;InProcess(Toolchain=InProcessEmitToolchain);;1;Workload;Result;16;7566000;1;7566000;0;0;0;8920
CaseInstanceControllerBenchmark.CreateCaseWithOneTask;CaseManagement.CMMN.Benchmark;CaseInstanceControllerBenchmark;CreateCaseWithOneTask;InProcess;Default;Default;Default;Default;Default;Default;Default;Default;Default;Default;Default;Default;Default;Default;Default;Default;Default;Default;Default;Default;Default;Default;Default;Default;Default;Default;Default;InProcessEmitToolchain;Default;Default;Default;Default;Default;Default;Default;Default;Default;Default;Default;Default;InProcess(Toolchain=InProcessEmitToolchain);;1;Workload;Result;17;8401500;1;8401500;0;0;0;8920
CaseInstanceControllerBenchmark.CreateCaseWithOneTask;CaseManagement.CMMN.Benchmark;CaseInstanceControllerBenchmark;CreateCaseWithOneTask;InProcess;Default;Default;Default;Default;Default;Default;Default;Default;Default;Default;Default;Default;Default;Default;Default;Default;Default;Default;Default;Default;Default;Default;Default;Default;Default;Default;Default;InProcessEmitToolchain;Default;Default;Default;Default;Default;Default;Default;Default;Default;Default;Default;Default;InProcess(Toolchain=InProcessEmitToolchain);;1;Workload;Result;18;9982800;1;9982800;0;0;0;8920
CaseInstanceControllerBenchmark.CreateCaseWithOneTask;CaseManagement.CMMN.Benchmark;CaseInstanceControllerBenchmark;CreateCaseWithOneTask;InProcess;Default;Default;Default;Default;Default;Default;Default;Default;Default;Default;Default;Default;Default;Default;Default;Default;Default;Default;Default;Default;Default;Default;Default;Default;Default;Default;Default;InProcessEmitToolchain;Default;Default;Default;Default;Default;Default;Default;Default;Default;Default;Default;Default;InProcess(Toolchain=InProcessEmitToolchain);;1;Workload;Result;19;10257300;1;10257300;0;0;0;8920
CaseInstanceControllerBenchmark.CreateCaseWithOneTask;CaseManagement.CMMN.Benchmark;CaseInstanceControllerBenchmark;CreateCaseWithOneTask;InProcess;Default;Default;Default;Default;Default;Default;Default;Default;Default;Default;Default;Default;Default;Default;Default;Default;Default;Default;Default;Default;Default;Default;Default;Default;Default;Default;Default;InProcessEmitToolchain;Default;Default;Default;Default;Default;Default;Default;Default;Default;Default;Default;Default;InProcess(Toolchain=InProcessEmitToolchain);;1;Workload;Result;20;7959800;1;7959800;0;0;0;8920
CaseInstanceControllerBenchmark.CreateCaseWithOneTask;CaseManagement.CMMN.Benchmark;CaseInstanceControllerBenchmark;CreateCaseWithOneTask;InProcess;Default;Default;Default;Default;Default;Default;Default;Default;Default;Default;Default;Default;Default;Default;Default;Default;Default;Default;Default;Default;Default;Default;Default;Default;Default;Default;Default;InProcessEmitToolchain;Default;Default;Default;Default;Default;Default;Default;Default;Default;Default;Default;Default;InProcess(Toolchain=InProcessEmitToolchain);;1;Workload;Result;21;9123300;1;9123300;0;0;0;8920
CaseInstanceControllerBenchmark.CreateCaseWithOneTask;CaseManagement.CMMN.Benchmark;CaseInstanceControllerBenchmark;CreateCaseWithOneTask;InProcess;Default;Default;Default;Default;Default;Default;Default;Default;Default;Default;Default;Default;Default;Default;Default;Default;Default;Default;Default;Default;Default;Default;Default;Default;Default;Default;Default;InProcessEmitToolchain;Default;Default;Default;Default;Default;Default;Default;Default;Default;Default;Default;Default;InProcess(Toolchain=InProcessEmitToolchain);;1;Workload;Result;22;7604700;1;7604700;0;0;0;8920
CaseInstanceControllerBenchmark.CreateCaseWithOneTask;CaseManagement.CMMN.Benchmark;CaseInstanceControllerBenchmark;CreateCaseWithOneTask;InProcess;Default;Default;Default;Default;Default;Default;Default;Default;Default;Default;Default;Default;Default;Default;Default;Default;Default;Default;Default;Default;Default;Default;Default;Default;Default;Default;Default;InProcessEmitToolchain;Default;Default;Default;Default;Default;Default;Default;Default;Default;Default;Default;Default;InProcess(Toolchain=InProcessEmitToolchain);;1;Workload;Result;23;7770900;1;7770900;0;0;0;8920
CaseInstanceControllerBenchmark.CreateCaseWithOneTask;CaseManagement.CMMN.Benchmark;CaseInstanceControllerBenchmark;CreateCaseWithOneTask;InProcess;Default;Default;Default;Default;Default;Default;Default;Default;Default;Default;Default;Default;Default;Default;Default;Default;Default;Default;Default;Default;Default;Default;Default;Default;Default;Default;Default;InProcessEmitToolchain;Default;Default;Default;Default;Default;Default;Default;Default;Default;Default;Default;Default;InProcess(Toolchain=InProcessEmitToolchain);;1;Workload;Result;24;7248800;1;7248800;0;0;0;8920
CaseInstanceControllerBenchmark.CreateCaseWithOneTask;CaseManagement.CMMN.Benchmark;CaseInstanceControllerBenchmark;CreateCaseWithOneTask;InProcess;Default;Default;Default;Default;Default;Default;Default;Default;Default;Default;Default;Default;Default;Default;Default;Default;Default;Default;Default;Default;Default;Default;Default;Default;Default;Default;Default;InProcessEmitToolchain;Default;Default;Default;Default;Default;Default;Default;Default;Default;Default;Default;Default;InProcess(Toolchain=InProcessEmitToolchain);;1;Workload;Result;25;9777800;1;9777800;0;0;0;8920
CaseInstanceControllerBenchmark.CreateCaseWithOneTask;CaseManagement.CMMN.Benchmark;CaseInstanceControllerBenchmark;CreateCaseWithOneTask;InProcess;Default;Default;Default;Default;Default;Default;Default;Default;Default;Default;Default;Default;Default;Default;Default;Default;Default;Default;Default;Default;Default;Default;Default;Default;Default;Default;Default;InProcessEmitToolchain;Default;Default;Default;Default;Default;Default;Default;Default;Default;Default;Default;Default;InProcess(Toolchain=InProcessEmitToolchain);;1;Workload;Result;26;9480100;1;9480100;0;0;0;8920
CaseInstanceControllerBenchmark.CreateCaseWithOneTask;CaseManagement.CMMN.Benchmark;CaseInstanceControllerBenchmark;CreateCaseWithOneTask;InProcess;Default;Default;Default;Default;Default;Default;Default;Default;Default;Default;Default;Default;Default;Default;Default;Default;Default;Default;Default;Default;Default;Default;Default;Default;Default;Default;Default;InProcessEmitToolchain;Default;Default;Default;Default;Default;Default;Default;Default;Default;Default;Default;Default;InProcess(Toolchain=InProcessEmitToolchain);;1;Workload;Result;27;11913100;1;11913100;0;0;0;8920
CaseInstanceControllerBenchmark.CreateCaseWithOneTask;CaseManagement.CMMN.Benchmark;CaseInstanceControllerBenchmark;CreateCaseWithOneTask;InProcess;Default;Default;Default;Default;Default;Default;Default;Default;Default;Default;Default;Default;Default;Default;Default;Default;Default;Default;Default;Default;Default;Default;Default;Default;Default;Default;Default;InProcessEmitToolchain;Default;Default;Default;Default;Default;Default;Default;Default;Default;Default;Default;Default;InProcess(Toolchain=InProcessEmitToolchain);;1;Workload;Result;28;10532500;1;10532500;0;0;0;8920
CaseInstanceControllerBenchmark.CreateCaseWithOneTask;CaseManagement.CMMN.Benchmark;CaseInstanceControllerBenchmark;CreateCaseWithOneTask;InProcess;Default;Default;Default;Default;Default;Default;Default;Default;Default;Default;Default;Default;Default;Default;Default;Default;Default;Default;Default;Default;Default;Default;Default;Default;Default;Default;Default;InProcessEmitToolchain;Default;Default;Default;Default;Default;Default;Default;Default;Default;Default;Default;Default;InProcess(Toolchain=InProcessEmitToolchain);;1;Workload;Result;29;8106800;1;8106800;0;0;0;8920
CaseInstanceControllerBenchmark.CreateCaseWithOneTask;CaseManagement.CMMN.Benchmark;CaseInstanceControllerBenchmark;CreateCaseWithOneTask;InProcess;Default;Default;Default;Default;Default;Default;Default;Default;Default;Default;Default;Default;Default;Default;Default;Default;Default;Default;Default;Default;Default;Default;Default;Default;Default;Default;Default;InProcessEmitToolchain;Default;Default;Default;Default;Default;Default;Default;Default;Default;Default;Default;Default;InProcess(Toolchain=InProcessEmitToolchain);;1;Workload;Result;30;12008100;1;12008100;0;0;0;8920
CaseInstanceControllerBenchmark.CreateCaseWithOneTask;CaseManagement.CMMN.Benchmark;CaseInstanceControllerBenchmark;CreateCaseWithOneTask;InProcess;Default;Default;Default;Default;Default;Default;Default;Default;Default;Default;Default;Default;Default;Default;Default;Default;Default;Default;Default;Default;Default;Default;Default;Default;Default;Default;Default;InProcessEmitToolchain;Default;Default;Default;Default;Default;Default;Default;Default;Default;Default;Default;Default;InProcess(Toolchain=InProcessEmitToolchain);;1;Workload;Result;31;9419800;1;9419800;0;0;0;8920
CaseInstanceControllerBenchmark.CreateCaseWithOneTask;CaseManagement.CMMN.Benchmark;CaseInstanceControllerBenchmark;CreateCaseWithOneTask;InProcess;Default;Default;Default;Default;Default;Default;Default;Default;Default;Default;Default;Default;Default;Default;Default;Default;Default;Default;Default;Default;Default;Default;Default;Default;Default;Default;Default;InProcessEmitToolchain;Default;Default;Default;Default;Default;Default;Default;Default;Default;Default;Default;Default;InProcess(Toolchain=InProcessEmitToolchain);;1;Workload;Result;32;10121900;1;10121900;0;0;0;8920
CaseInstanceControllerBenchmark.CreateCaseWithOneTask;CaseManagement.CMMN.Benchmark;CaseInstanceControllerBenchmark;CreateCaseWithOneTask;InProcess;Default;Default;Default;Default;Default;Default;Default;Default;Default;Default;Default;Default;Default;Default;Default;Default;Default;Default;Default;Default;Default;Default;Default;Default;Default;Default;Default;InProcessEmitToolchain;Default;Default;Default;Default;Default;Default;Default;Default;Default;Default;Default;Default;InProcess(Toolchain=InProcessEmitToolchain);;1;Workload;Result;33;7628900;1;7628900;0;0;0;8920
CaseInstanceControllerBenchmark.CreateCaseWithOneTask;CaseManagement.CMMN.Benchmark;CaseInstanceControllerBenchmark;CreateCaseWithOneTask;InProcess;Default;Default;Default;Default;Default;Default;Default;Default;Default;Default;Default;Default;Default;Default;Default;Default;Default;Default;Default;Default;Default;Default;Default;Default;Default;Default;Default;InProcessEmitToolchain;Default;Default;Default;Default;Default;Default;Default;Default;Default;Default;Default;Default;InProcess(Toolchain=InProcessEmitToolchain);;1;Workload;Result;34;9444100;1;9444100;0;0;0;8920
CaseInstanceControllerBenchmark.CreateCaseWithOneTask;CaseManagement.CMMN.Benchmark;CaseInstanceControllerBenchmark;CreateCaseWithOneTask;InProcess;Default;Default;Default;Default;Default;Default;Default;Default;Default;Default;Default;Default;Default;Default;Default;Default;Default;Default;Default;Default;Default;Default;Default;Default;Default;Default;Default;InProcessEmitToolchain;Default;Default;Default;Default;Default;Default;Default;Default;Default;Default;Default;Default;InProcess(Toolchain=InProcessEmitToolchain);;1;Workload;Result;35;8418300;1;8418300;0;0;0;8920
CaseInstanceControllerBenchmark.CreateCaseWithOneTask;CaseManagement.CMMN.Benchmark;CaseInstanceControllerBenchmark;CreateCaseWithOneTask;InProcess;Default;Default;Default;Default;Default;Default;Default;Default;Default;Default;Default;Default;Default;Default;Default;Default;Default;Default;Default;Default;Default;Default;Default;Default;Default;Default;Default;InProcessEmitToolchain;Default;Default;Default;Default;Default;Default;Default;Default;Default;Default;Default;Default;InProcess(Toolchain=InProcessEmitToolchain);;1;Workload;Result;36;8590300;1;8590300;0;0;0;8920
CaseInstanceControllerBenchmark.CreateCaseWithOneTask;CaseManagement.CMMN.Benchmark;CaseInstanceControllerBenchmark;CreateCaseWithOneTask;InProcess;Default;Default;Default;Default;Default;Default;Default;Default;Default;Default;Default;Default;Default;Default;Default;Default;Default;Default;Default;Default;Default;Default;Default;Default;Default;Default;Default;InProcessEmitToolchain;Default;Default;Default;Default;Default;Default;Default;Default;Default;Default;Default;Default;InProcess(Toolchain=InProcessEmitToolchain);;1;Workload;Result;37;8209100;1;8209100;0;0;0;8920
CaseInstanceControllerBenchmark.CreateCaseWithOneTask;CaseManagement.CMMN.Benchmark;CaseInstanceControllerBenchmark;CreateCaseWithOneTask;InProcess;Default;Default;Default;Default;Default;Default;Default;Default;Default;Default;Default;Default;Default;Default;Default;Default;Default;Default;Default;Default;Default;Default;Default;Default;Default;Default;Default;InProcessEmitToolchain;Default;Default;Default;Default;Default;Default;Default;Default;Default;Default;Default;Default;InProcess(Toolchain=InProcessEmitToolchain);;1;Workload;Result;38;8485300;1;8485300;0;0;0;8920
CaseInstanceControllerBenchmark.CreateCaseWithOneTask;CaseManagement.CMMN.Benchmark;CaseInstanceControllerBenchmark;CreateCaseWithOneTask;InProcess;Default;Default;Default;Default;Default;Default;Default;Default;Default;Default;Default;Default;Default;Default;Default;Default;Default;Default;Default;Default;Default;Default;Default;Default;Default;Default;Default;InProcessEmitToolchain;Default;Default;Default;Default;Default;Default;Default;Default;Default;Default;Default;Default;InProcess(Toolchain=InProcessEmitToolchain);;1;Workload;Result;39;9596100;1;9596100;0;0;0;8920
CaseInstanceControllerBenchmark.CreateCaseWithOneTask;CaseManagement.CMMN.Benchmark;CaseInstanceControllerBenchmark;CreateCaseWithOneTask;InProcess;Default;Default;Default;Default;Default;Default;Default;Default;Default;Default;Default;Default;Default;Default;Default;Default;Default;Default;Default;Default;Default;Default;Default;Default;Default;Default;Default;InProcessEmitToolchain;Default;Default;Default;Default;Default;Default;Default;Default;Default;Default;Default;Default;InProcess(Toolchain=InProcessEmitToolchain);;1;Workload;Result;40;8075600;1;8075600;0;0;0;8920
CaseInstanceControllerBenchmark.CreateCaseWithOneTask;CaseManagement.CMMN.Benchmark;CaseInstanceControllerBenchmark;CreateCaseWithOneTask;InProcess;Default;Default;Default;Default;Default;Default;Default;Default;Default;Default;Default;Default;Default;Default;Default;Default;Default;Default;Default;Default;Default;Default;Default;Default;Default;Default;Default;InProcessEmitToolchain;Default;Default;Default;Default;Default;Default;Default;Default;Default;Default;Default;Default;InProcess(Toolchain=InProcessEmitToolchain);;1;Workload;Result;41;7178500;1;7178500;0;0;0;8920
CaseInstanceControllerBenchmark.CreateCaseWithOneTask;CaseManagement.CMMN.Benchmark;CaseInstanceControllerBenchmark;CreateCaseWithOneTask;InProcess;Default;Default;Default;Default;Default;Default;Default;Default;Default;Default;Default;Default;Default;Default;Default;Default;Default;Default;Default;Default;Default;Default;Default;Default;Default;Default;Default;InProcessEmitToolchain;Default;Default;Default;Default;Default;Default;Default;Default;Default;Default;Default;Default;InProcess(Toolchain=InProcessEmitToolchain);;1;Workload;Result;42;10486100;1;10486100;0;0;0;8920
CaseInstanceControllerBenchmark.CreateCaseWithOneTask;CaseManagement.CMMN.Benchmark;CaseInstanceControllerBenchmark;CreateCaseWithOneTask;InProcess;Default;Default;Default;Default;Default;Default;Default;Default;Default;Default;Default;Default;Default;Default;Default;Default;Default;Default;Default;Default;Default;Default;Default;Default;Default;Default;Default;InProcessEmitToolchain;Default;Default;Default;Default;Default;Default;Default;Default;Default;Default;Default;Default;InProcess(Toolchain=InProcessEmitToolchain);;1;Workload;Result;43;9681900;1;9681900;0;0;0;8920
CaseInstanceControllerBenchmark.CreateCaseWithOneTask;CaseManagement.CMMN.Benchmark;CaseInstanceControllerBenchmark;CreateCaseWithOneTask;InProcess;Default;Default;Default;Default;Default;Default;Default;Default;Default;Default;Default;Default;Default;Default;Default;Default;Default;Default;Default;Default;Default;Default;Default;Default;Default;Default;Default;InProcessEmitToolchain;Default;Default;Default;Default;Default;Default;Default;Default;Default;Default;Default;Default;InProcess(Toolchain=InProcessEmitToolchain);;1;Workload;Result;44;10226100;1;10226100;0;0;0;8920
CaseInstanceControllerBenchmark.CreateCaseWithOneTask;CaseManagement.CMMN.Benchmark;CaseInstanceControllerBenchmark;CreateCaseWithOneTask;InProcess;Default;Default;Default;Default;Default;Default;Default;Default;Default;Default;Default;Default;Default;Default;Default;Default;Default;Default;Default;Default;Default;Default;Default;Default;Default;Default;Default;InProcessEmitToolchain;Default;Default;Default;Default;Default;Default;Default;Default;Default;Default;Default;Default;InProcess(Toolchain=InProcessEmitToolchain);;1;Workload;Result;45;10123000;1;10123000;0;0;0;8920
CaseInstanceControllerBenchmark.CreateCaseWithOneTask;CaseManagement.CMMN.Benchmark;CaseInstanceControllerBenchmark;CreateCaseWithOneTask;InProcess;Default;Default;Default;Default;Default;Default;Default;Default;Default;Default;Default;Default;Default;Default;Default;Default;Default;Default;Default;Default;Default;Default;Default;Default;Default;Default;Default;InProcessEmitToolchain;Default;Default;Default;Default;Default;Default;Default;Default;Default;Default;Default;Default;InProcess(Toolchain=InProcessEmitToolchain);;1;Workload;Result;46;9526800;1;9526800;0;0;0;8920
CaseInstanceControllerBenchmark.CreateCaseWithOneTask;CaseManagement.CMMN.Benchmark;CaseInstanceControllerBenchmark;CreateCaseWithOneTask;InProcess;Default;Default;Default;Default;Default;Default;Default;Default;Default;Default;Default;Default;Default;Default;Default;Default;Default;Default;Default;Default;Default;Default;Default;Default;Default;Default;Default;InProcessEmitToolchain;Default;Default;Default;Default;Default;Default;Default;Default;Default;Default;Default;Default;InProcess(Toolchain=InProcessEmitToolchain);;1;Workload;Result;47;11592200;1;11592200;0;0;0;8920
CaseInstanceControllerBenchmark.CreateCaseWithOneTask;CaseManagement.CMMN.Benchmark;CaseInstanceControllerBenchmark;CreateCaseWithOneTask;InProcess;Default;Default;Default;Default;Default;Default;Default;Default;Default;Default;Default;Default;Default;Default;Default;Default;Default;Default;Default;Default;Default;Default;Default;Default;Default;Default;Default;InProcessEmitToolchain;Default;Default;Default;Default;Default;Default;Default;Default;Default;Default;Default;Default;InProcess(Toolchain=InProcessEmitToolchain);;1;Workload;Result;48;10816500;1;10816500;0;0;0;8920
CaseInstanceControllerBenchmark.CreateCaseWithOneTask;CaseManagement.CMMN.Benchmark;CaseInstanceControllerBenchmark;CreateCaseWithOneTask;InProcess;Default;Default;Default;Default;Default;Default;Default;Default;Default;Default;Default;Default;Default;Default;Default;Default;Default;Default;Default;Default;Default;Default;Default;Default;Default;Default;Default;InProcessEmitToolchain;Default;Default;Default;Default;Default;Default;Default;Default;Default;Default;Default;Default;InProcess(Toolchain=InProcessEmitToolchain);;1;Workload;Result;49;10909100;1;10909100;0;0;0;8920
CaseInstanceControllerBenchmark.CreateCaseWithOneTask;CaseManagement.CMMN.Benchmark;CaseInstanceControllerBenchmark;CreateCaseWithOneTask;InProcess;Default;Default;Default;Default;Default;Default;Default;Default;Default;Default;Default;Default;Default;Default;Default;Default;Default;Default;Default;Default;Default;Default;Default;Default;Default;Default;Default;InProcessEmitToolchain;Default;Default;Default;Default;Default;Default;Default;Default;Default;Default;Default;Default;InProcess(Toolchain=InProcessEmitToolchain);;1;Workload;Result;50;9747400;1;9747400;0;0;0;8920
CaseInstanceControllerBenchmark.CreateCaseWithOneTask;CaseManagement.CMMN.Benchmark;CaseInstanceControllerBenchmark;CreateCaseWithOneTask;InProcess;Default;Default;Default;Default;Default;Default;Default;Default;Default;Default;Default;Default;Default;Default;Default;Default;Default;Default;Default;Default;Default;Default;Default;Default;Default;Default;Default;InProcessEmitToolchain;Default;Default;Default;Default;Default;Default;Default;Default;Default;Default;Default;Default;InProcess(Toolchain=InProcessEmitToolchain);;1;Workload;Result;51;8148500;1;8148500;0;0;0;8920
CaseInstanceControllerBenchmark.CreateCaseWithOneTask;CaseManagement.CMMN.Benchmark;CaseInstanceControllerBenchmark;CreateCaseWithOneTask;InProcess;Default;Default;Default;Default;Default;Default;Default;Default;Default;Default;Default;Default;Default;Default;Default;Default;Default;Default;Default;Default;Default;Default;Default;Default;Default;Default;Default;InProcessEmitToolchain;Default;Default;Default;Default;Default;Default;Default;Default;Default;Default;Default;Default;InProcess(Toolchain=InProcessEmitToolchain);;1;Workload;Result;52;9659500;1;9659500;0;0;0;8920
CaseInstanceControllerBenchmark.CreateCaseWithOneTask;CaseManagement.CMMN.Benchmark;CaseInstanceControllerBenchmark;CreateCaseWithOneTask;InProcess;Default;Default;Default;Default;Default;Default;Default;Default;Default;Default;Default;Default;Default;Default;Default;Default;Default;Default;Default;Default;Default;Default;Default;Default;Default;Default;Default;InProcessEmitToolchain;Default;Default;Default;Default;Default;Default;Default;Default;Default;Default;Default;Default;InProcess(Toolchain=InProcessEmitToolchain);;1;Workload;Result;53;8001700;1;8001700;0;0;0;8920
CaseInstanceControllerBenchmark.CreateCaseWithOneTask;CaseManagement.CMMN.Benchmark;CaseInstanceControllerBenchmark;CreateCaseWithOneTask;InProcess;Default;Default;Default;Default;Default;Default;Default;Default;Default;Default;Default;Default;Default;Default;Default;Default;Default;Default;Default;Default;Default;Default;Default;Default;Default;Default;Default;InProcessEmitToolchain;Default;Default;Default;Default;Default;Default;Default;Default;Default;Default;Default;Default;InProcess(Toolchain=InProcessEmitToolchain);;1;Workload;Result;54;8314900;1;8314900;0;0;0;8920
CaseInstanceControllerBenchmark.CreateCaseWithOneTask;CaseManagement.CMMN.Benchmark;CaseInstanceControllerBenchmark;CreateCaseWithOneTask;InProcess;Default;Default;Default;Default;Default;Default;Default;Default;Default;Default;Default;Default;Default;Default;Default;Default;Default;Default;Default;Default;Default;Default;Default;Default;Default;Default;Default;InProcessEmitToolchain;Default;Default;Default;Default;Default;Default;Default;Default;Default;Default;Default;Default;InProcess(Toolchain=InProcessEmitToolchain);;1;Workload;Result;55;8822200;1;8822200;0;0;0;8920
CaseInstanceControllerBenchmark.CreateCaseWithOneTask;CaseManagement.CMMN.Benchmark;CaseInstanceControllerBenchmark;CreateCaseWithOneTask;InProcess;Default;Default;Default;Default;Default;Default;Default;Default;Default;Default;Default;Default;Default;Default;Default;Default;Default;Default;Default;Default;Default;Default;Default;Default;Default;Default;Default;InProcessEmitToolchain;Default;Default;Default;Default;Default;Default;Default;Default;Default;Default;Default;Default;InProcess(Toolchain=InProcessEmitToolchain);;1;Workload;Result;56;9029700;1;9029700;0;0;0;8920
CaseInstanceControllerBenchmark.CreateCaseWithOneTask;CaseManagement.CMMN.Benchmark;CaseInstanceControllerBenchmark;CreateCaseWithOneTask;InProcess;Default;Default;Default;Default;Default;Default;Default;Default;Default;Default;Default;Default;Default;Default;Default;Default;Default;Default;Default;Default;Default;Default;Default;Default;Default;Default;Default;InProcessEmitToolchain;Default;Default;Default;Default;Default;Default;Default;Default;Default;Default;Default;Default;InProcess(Toolchain=InProcessEmitToolchain);;1;Workload;Result;57;7063800;1;7063800;0;0;0;8920
CaseInstanceControllerBenchmark.CreateCaseWithOneTask;CaseManagement.CMMN.Benchmark;CaseInstanceControllerBenchmark;CreateCaseWithOneTask;InProcess;Default;Default;Default;Default;Default;Default;Default;Default;Default;Default;Default;Default;Default;Default;Default;Default;Default;Default;Default;Default;Default;Default;Default;Default;Default;Default;Default;InProcessEmitToolchain;Default;Default;Default;Default;Default;Default;Default;Default;Default;Default;Default;Default;InProcess(Toolchain=InProcessEmitToolchain);;1;Workload;Result;58;7794900;1;7794900;0;0;0;8920
CaseInstanceControllerBenchmark.CreateCaseWithOneTask;CaseManagement.CMMN.Benchmark;CaseInstanceControllerBenchmark;CreateCaseWithOneTask;InProcess;Default;Default;Default;Default;Default;Default;Default;Default;Default;Default;Default;Default;Default;Default;Default;Default;Default;Default;Default;Default;Default;Default;Default;Default;Default;Default;Default;InProcessEmitToolchain;Default;Default;Default;Default;Default;Default;Default;Default;Default;Default;Default;Default;InProcess(Toolchain=InProcessEmitToolchain);;1;Workload;Result;59;7939700;1;7939700;0;0;0;8920
CaseInstanceControllerBenchmark.CreateCaseWithOneTask;CaseManagement.CMMN.Benchmark;CaseInstanceControllerBenchmark;CreateCaseWithOneTask;InProcess;Default;Default;Default;Default;Default;Default;Default;Default;Default;Default;Default;Default;Default;Default;Default;Default;Default;Default;Default;Default;Default;Default;Default;Default;Default;Default;Default;InProcessEmitToolchain;Default;Default;Default;Default;Default;Default;Default;Default;Default;Default;Default;Default;InProcess(Toolchain=InProcessEmitToolchain);;1;Workload;Result;60;8719200;1;8719200;0;0;0;8920
CaseInstanceControllerBenchmark.CreateCaseWithOneTask;CaseManagement.CMMN.Benchmark;CaseInstanceControllerBenchmark;CreateCaseWithOneTask;InProcess;Default;Default;Default;Default;Default;Default;Default;Default;Default;Default;Default;Default;Default;Default;Default;Default;Default;Default;Default;Default;Default;Default;Default;Default;Default;Default;Default;InProcessEmitToolchain;Default;Default;Default;Default;Default;Default;Default;Default;Default;Default;Default;Default;InProcess(Toolchain=InProcessEmitToolchain);;1;Workload;Result;61;7362500;1;7362500;0;0;0;8920
CaseInstanceControllerBenchmark.CreateCaseWithOneTask;CaseManagement.CMMN.Benchmark;CaseInstanceControllerBenchmark;CreateCaseWithOneTask;InProcess;Default;Default;Default;Default;Default;Default;Default;Default;Default;Default;Default;Default;Default;Default;Default;Default;Default;Default;Default;Default;Default;Default;Default;Default;Default;Default;Default;InProcessEmitToolchain;Default;Default;Default;Default;Default;Default;Default;Default;Default;Default;Default;Default;InProcess(Toolchain=InProcessEmitToolchain);;1;Workload;Result;62;7369400;1;7369400;0;0;0;8920
CaseInstanceControllerBenchmark.CreateCaseWithOneTask;CaseManagement.CMMN.Benchmark;CaseInstanceControllerBenchmark;CreateCaseWithOneTask;InProcess;Default;Default;Default;Default;Default;Default;Default;Default;Default;Default;Default;Default;Default;Default;Default;Default;Default;Default;Default;Default;Default;Default;Default;Default;Default;Default;Default;InProcessEmitToolchain;Default;Default;Default;Default;Default;Default;Default;Default;Default;Default;Default;Default;InProcess(Toolchain=InProcessEmitToolchain);;1;Workload;Result;63;7929300;1;7929300;0;0;0;8920
CaseInstanceControllerBenchmark.CreateCaseWithOneTask;CaseManagement.CMMN.Benchmark;CaseInstanceControllerBenchmark;CreateCaseWithOneTask;InProcess;Default;Default;Default;Default;Default;Default;Default;Default;Default;Default;Default;Default;Default;Default;Default;Default;Default;Default;Default;Default;Default;Default;Default;Default;Default;Default;Default;InProcessEmitToolchain;Default;Default;Default;Default;Default;Default;Default;Default;Default;Default;Default;Default;InProcess(Toolchain=InProcessEmitToolchain);;1;Workload;Result;64;8397700;1;8397700;0;0;0;8920
CaseInstanceControllerBenchmark.CreateCaseWithOneTask;CaseManagement.CMMN.Benchmark;CaseInstanceControllerBenchmark;CreateCaseWithOneTask;InProcess;Default;Default;Default;Default;Default;Default;Default;Default;Default;Default;Default;Default;Default;Default;Default;Default;Default;Default;Default;Default;Default;Default;Default;Default;Default;Default;Default;InProcessEmitToolchain;Default;Default;Default;Default;Default;Default;Default;Default;Default;Default;Default;Default;InProcess(Toolchain=InProcessEmitToolchain);;1;Workload;Result;65;8135100;1;8135100;0;0;0;8920
CaseInstanceControllerBenchmark.CreateCaseWithOneTask;CaseManagement.CMMN.Benchmark;CaseInstanceControllerBenchmark;CreateCaseWithOneTask;InProcess;Default;Default;Default;Default;Default;Default;Default;Default;Default;Default;Default;Default;Default;Default;Default;Default;Default;Default;Default;Default;Default;Default;Default;Default;Default;Default;Default;InProcessEmitToolchain;Default;Default;Default;Default;Default;Default;Default;Default;Default;Default;Default;Default;InProcess(Toolchain=InProcessEmitToolchain);;1;Workload;Result;66;8495600;1;8495600;0;0;0;8920
CaseInstanceControllerBenchmark.CreateCaseWithOneTask;CaseManagement.CMMN.Benchmark;CaseInstanceControllerBenchmark;CreateCaseWithOneTask;InProcess;Default;Default;Default;Default;Default;Default;Default;Default;Default;Default;Default;Default;Default;Default;Default;Default;Default;Default;Default;Default;Default;Default;Default;Default;Default;Default;Default;InProcessEmitToolchain;Default;Default;Default;Default;Default;Default;Default;Default;Default;Default;Default;Default;InProcess(Toolchain=InProcessEmitToolchain);;1;Workload;Result;67;7504500;1;7504500;0;0;0;8920
CaseInstanceControllerBenchmark.CreateCaseWithOneTask;CaseManagement.CMMN.Benchmark;CaseInstanceControllerBenchmark;CreateCaseWithOneTask;InProcess;Default;Default;Default;Default;Default;Default;Default;Default;Default;Default;Default;Default;Default;Default;Default;Default;Default;Default;Default;Default;Default;Default;Default;Default;Default;Default;Default;InProcessEmitToolchain;Default;Default;Default;Default;Default;Default;Default;Default;Default;Default;Default;Default;InProcess(Toolchain=InProcessEmitToolchain);;1;Workload;Result;68;9131100;1;9131100;0;0;0;8920
CaseInstanceControllerBenchmark.CreateCaseWithOneTask;CaseManagement.CMMN.Benchmark;CaseInstanceControllerBenchmark;CreateCaseWithOneTask;InProcess;Default;Default;Default;Default;Default;Default;Default;Default;Default;Default;Default;Default;Default;Default;Default;Default;Default;Default;Default;Default;Default;Default;Default;Default;Default;Default;Default;InProcessEmitToolchain;Default;Default;Default;Default;Default;Default;Default;Default;Default;Default;Default;Default;InProcess(Toolchain=InProcessEmitToolchain);;1;Workload;Result;69;11283700;1;11283700;0;0;0;8920
CaseInstanceControllerBenchmark.CreateCaseWithOneTask;CaseManagement.CMMN.Benchmark;CaseInstanceControllerBenchmark;CreateCaseWithOneTask;InProcess;Default;Default;Default;Default;Default;Default;Default;Default;Default;Default;Default;Default;Default;Default;Default;Default;Default;Default;Default;Default;Default;Default;Default;Default;Default;Default;Default;InProcessEmitToolchain;Default;Default;Default;Default;Default;Default;Default;Default;Default;Default;Default;Default;InProcess(Toolchain=InProcessEmitToolchain);;1;Workload;Result;70;9161300;1;9161300;0;0;0;8920
CaseInstanceControllerBenchmark.CreateCaseWithOneTask;CaseManagement.CMMN.Benchmark;CaseInstanceControllerBenchmark;CreateCaseWithOneTask;InProcess;Default;Default;Default;Default;Default;Default;Default;Default;Default;Default;Default;Default;Default;Default;Default;Default;Default;Default;Default;Default;Default;Default;Default;Default;Default;Default;Default;InProcessEmitToolchain;Default;Default;Default;Default;Default;Default;Default;Default;Default;Default;Default;Default;InProcess(Toolchain=InProcessEmitToolchain);;1;Workload;Result;71;10327300;1;10327300;0;0;0;8920
CaseInstanceControllerBenchmark.CreateCaseWithOneTask;CaseManagement.CMMN.Benchmark;CaseInstanceControllerBenchmark;CreateCaseWithOneTask;InProcess;Default;Default;Default;Default;Default;Default;Default;Default;Default;Default;Default;Default;Default;Default;Default;Default;Default;Default;Default;Default;Default;Default;Default;Default;Default;Default;Default;InProcessEmitToolchain;Default;Default;Default;Default;Default;Default;Default;Default;Default;Default;Default;Default;InProcess(Toolchain=InProcessEmitToolchain);;1;Workload;Result;72;9883400;1;9883400;0;0;0;8920
CaseInstanceControllerBenchmark.CreateCaseWithOneTask;CaseManagement.CMMN.Benchmark;CaseInstanceControllerBenchmark;CreateCaseWithOneTask;InProcess;Default;Default;Default;Default;Default;Default;Default;Default;Default;Default;Default;Default;Default;Default;Default;Default;Default;Default;Default;Default;Default;Default;Default;Default;Default;Default;Default;InProcessEmitToolchain;Default;Default;Default;Default;Default;Default;Default;Default;Default;Default;Default;Default;InProcess(Toolchain=InProcessEmitToolchain);;1;Workload;Result;73;8151600;1;8151600;0;0;0;8920
CaseInstanceControllerBenchmark.CreateCaseWithOneTask;CaseManagement.CMMN.Benchmark;CaseInstanceControllerBenchmark;CreateCaseWithOneTask;InProcess;Default;Default;Default;Default;Default;Default;Default;Default;Default;Default;Default;Default;Default;Default;Default;Default;Default;Default;Default;Default;Default;Default;Default;Default;Default;Default;Default;InProcessEmitToolchain;Default;Default;Default;Default;Default;Default;Default;Default;Default;Default;Default;Default;InProcess(Toolchain=InProcessEmitToolchain);;1;Workload;Result;74;10466800;1;10466800;0;0;0;8920
CaseInstanceControllerBenchmark.CreateCaseWithOneTask;CaseManagement.CMMN.Benchmark;CaseInstanceControllerBenchmark;CreateCaseWithOneTask;InProcess;Default;Default;Default;Default;Default;Default;Default;Default;Default;Default;Default;Default;Default;Default;Default;Default;Default;Default;Default;Default;Default;Default;Default;Default;Default;Default;Default;InProcessEmitToolchain;Default;Default;Default;Default;Default;Default;Default;Default;Default;Default;Default;Default;InProcess(Toolchain=InProcessEmitToolchain);;1;Workload;Result;75;9743300;1;9743300;0;0;0;8920
CaseInstanceControllerBenchmark.CreateCaseWithOneTask;CaseManagement.CMMN.Benchmark;CaseInstanceControllerBenchmark;CreateCaseWithOneTask;InProcess;Default;Default;Default;Default;Default;Default;Default;Default;Default;Default;Default;Default;Default;Default;Default;Default;Default;Default;Default;Default;Default;Default;Default;Default;Default;Default;Default;InProcessEmitToolchain;Default;Default;Default;Default;Default;Default;Default;Default;Default;Default;Default;Default;InProcess(Toolchain=InProcessEmitToolchain);;1;Workload;Result;76;9684800;1;9684800;0;0;0;8920
CaseInstanceControllerBenchmark.CreateCaseWithOneTask;CaseManagement.CMMN.Benchmark;CaseInstanceControllerBenchmark;CreateCaseWithOneTask;InProcess;Default;Default;Default;Default;Default;Default;Default;Default;Default;Default;Default;Default;Default;Default;Default;Default;Default;Default;Default;Default;Default;Default;Default;Default;Default;Default;Default;InProcessEmitToolchain;Default;Default;Default;Default;Default;Default;Default;Default;Default;Default;Default;Default;InProcess(Toolchain=InProcessEmitToolchain);;1;Workload;Result;77;7970800;1;7970800;0;0;0;8920
CaseInstanceControllerBenchmark.CreateCaseWithOneTask;CaseManagement.CMMN.Benchmark;CaseInstanceControllerBenchmark;CreateCaseWithOneTask;InProcess;Default;Default;Default;Default;Default;Default;Default;Default;Default;Default;Default;Default;Default;Default;Default;Default;Default;Default;Default;Default;Default;Default;Default;Default;Default;Default;Default;InProcessEmitToolchain;Default;Default;Default;Default;Default;Default;Default;Default;Default;Default;Default;Default;InProcess(Toolchain=InProcessEmitToolchain);;1;Workload;Result;78;7799000;1;7799000;0;0;0;8920
CaseInstanceControllerBenchmark.CreateCaseWithOneTask;CaseManagement.CMMN.Benchmark;CaseInstanceControllerBenchmark;CreateCaseWithOneTask;InProcess;Default;Default;Default;Default;Default;Default;Default;Default;Default;Default;Default;Default;Default;Default;Default;Default;Default;Default;Default;Default;Default;Default;Default;Default;Default;Default;Default;InProcessEmitToolchain;Default;Default;Default;Default;Default;Default;Default;Default;Default;Default;Default;Default;InProcess(Toolchain=InProcessEmitToolchain);;1;Workload;Result;79;10155500;1;10155500;0;0;0;8920
CaseInstanceControllerBenchmark.CreateCaseWithOneTask;CaseManagement.CMMN.Benchmark;CaseInstanceControllerBenchmark;CreateCaseWithOneTask;InProcess;Default;Default;Default;Default;Default;Default;Default;Default;Default;Default;Default;Default;Default;Default;Default;Default;Default;Default;Default;Default;Default;Default;Default;Default;Default;Default;Default;InProcessEmitToolchain;Default;Default;Default;Default;Default;Default;Default;Default;Default;Default;Default;Default;InProcess(Toolchain=InProcessEmitToolchain);;1;Workload;Result;80;10549900;1;10549900;0;0;0;8920
CaseInstanceControllerBenchmark.CreateCaseWithOneTask;CaseManagement.CMMN.Benchmark;CaseInstanceControllerBenchmark;CreateCaseWithOneTask;InProcess;Default;Default;Default;Default;Default;Default;Default;Default;Default;Default;Default;Default;Default;Default;Default;Default;Default;Default;Default;Default;Default;Default;Default;Default;Default;Default;Default;InProcessEmitToolchain;Default;Default;Default;Default;Default;Default;Default;Default;Default;Default;Default;Default;InProcess(Toolchain=InProcessEmitToolchain);;1;Workload;Result;81;8561400;1;8561400;0;0;0;8920
CaseInstanceControllerBenchmark.CreateCaseWithOneTask;CaseManagement.CMMN.Benchmark;CaseInstanceControllerBenchmark;CreateCaseWithOneTask;InProcess;Default;Default;Default;Default;Default;Default;Default;Default;Default;Default;Default;Default;Default;Default;Default;Default;Default;Default;Default;Default;Default;Default;Default;Default;Default;Default;Default;InProcessEmitToolchain;Default;Default;Default;Default;Default;Default;Default;Default;Default;Default;Default;Default;InProcess(Toolchain=InProcessEmitToolchain);;1;Workload;Result;82;13426900;1;13426900;0;0;0;8920
CaseInstanceControllerBenchmark.CreateCaseWithOneTask;CaseManagement.CMMN.Benchmark;CaseInstanceControllerBenchmark;CreateCaseWithOneTask;InProcess;Default;Default;Default;Default;Default;Default;Default;Default;Default;Default;Default;Default;Default;Default;Default;Default;Default;Default;Default;Default;Default;Default;Default;Default;Default;Default;Default;InProcessEmitToolchain;Default;Default;Default;Default;Default;Default;Default;Default;Default;Default;Default;Default;InProcess(Toolchain=InProcessEmitToolchain);;1;Workload;Result;83;9511900;1;9511900;0;0;0;8920
CaseInstanceControllerBenchmark.CreateCaseWithOneTask;CaseManagement.CMMN.Benchmark;CaseInstanceControllerBenchmark;CreateCaseWithOneTask;InProcess;Default;Default;Default;Default;Default;Default;Default;Default;Default;Default;Default;Default;Default;Default;Default;Default;Default;Default;Default;Default;Default;Default;Default;Default;Default;Default;Default;InProcessEmitToolchain;Default;Default;Default;Default;Default;Default;Default;Default;Default;Default;Default;Default;InProcess(Toolchain=InProcessEmitToolchain);;1;Workload;Result;84;9033100;1;9033100;0;0;0;8920
CaseInstanceControllerBenchmark.CreateCaseWithOneTask;CaseManagement.CMMN.Benchmark;CaseInstanceControllerBenchmark;CreateCaseWithOneTask;InProcess;Default;Default;Default;Default;Default;Default;Default;Default;Default;Default;Default;Default;Default;Default;Default;Default;Default;Default;Default;Default;Default;Default;Default;Default;Default;Default;Default;InProcessEmitToolchain;Default;Default;Default;Default;Default;Default;Default;Default;Default;Default;Default;Default;InProcess(Toolchain=InProcessEmitToolchain);;1;Workload;Result;85;8615900;1;8615900;0;0;0;8920
CaseInstanceControllerBenchmark.CreateCaseWithOneTask;CaseManagement.CMMN.Benchmark;CaseInstanceControllerBenchmark;CreateCaseWithOneTask;InProcess;Default;Default;Default;Default;Default;Default;Default;Default;Default;Default;Default;Default;Default;Default;Default;Default;Default;Default;Default;Default;Default;Default;Default;Default;Default;Default;Default;InProcessEmitToolchain;Default;Default;Default;Default;Default;Default;Default;Default;Default;Default;Default;Default;InProcess(Toolchain=InProcessEmitToolchain);;1;Workload;Result;86;7549500;1;7549500;0;0;0;8920
CaseInstanceControllerBenchmark.LaunchCaseWithOneTask;CaseManagement.CMMN.Benchmark;CaseInstanceControllerBenchmark;LaunchCaseWithOneTask;InProcess;Default;Default;Default;Default;Default;Default;Default;Default;Default;Default;Default;Default;Default;Default;Default;Default;Default;Default;Default;Default;Default;Default;Default;Default;Default;Default;Default;InProcessEmitToolchain;Default;Default;Default;Default;Default;Default;Default;Default;Default;Default;Default;Default;InProcess(Toolchain=InProcessEmitToolchain);;1;Workload;Result;1;232883300;1;232883300;0;0;0;8920
CaseInstanceControllerBenchmark.LaunchCaseWithOneTask;CaseManagement.CMMN.Benchmark;CaseInstanceControllerBenchmark;LaunchCaseWithOneTask;InProcess;Default;Default;Default;Default;Default;Default;Default;Default;Default;Default;Default;Default;Default;Default;Default;Default;Default;Default;Default;Default;Default;Default;Default;Default;Default;Default;Default;InProcessEmitToolchain;Default;Default;Default;Default;Default;Default;Default;Default;Default;Default;Default;Default;InProcess(Toolchain=InProcessEmitToolchain);;1;Workload;Result;2;233290400;1;233290400;0;0;0;8920
CaseInstanceControllerBenchmark.LaunchCaseWithOneTask;CaseManagement.CMMN.Benchmark;CaseInstanceControllerBenchmark;LaunchCaseWithOneTask;InProcess;Default;Default;Default;Default;Default;Default;Default;Default;Default;Default;Default;Default;Default;Default;Default;Default;Default;Default;Default;Default;Default;Default;Default;Default;Default;Default;Default;InProcessEmitToolchain;Default;Default;Default;Default;Default;Default;Default;Default;Default;Default;Default;Default;InProcess(Toolchain=InProcessEmitToolchain);;1;Workload;Result;3;230534300;1;230534300;0;0;0;8920
CaseInstanceControllerBenchmark.LaunchCaseWithOneTask;CaseManagement.CMMN.Benchmark;CaseInstanceControllerBenchmark;LaunchCaseWithOneTask;InProcess;Default;Default;Default;Default;Default;Default;Default;Default;Default;Default;Default;Default;Default;Default;Default;Default;Default;Default;Default;Default;Default;Default;Default;Default;Default;Default;Default;InProcessEmitToolchain;Default;Default;Default;Default;Default;Default;Default;Default;Default;Default;Default;Default;InProcess(Toolchain=InProcessEmitToolchain);;1;Workload;Result;4;233059400;1;233059400;0;0;0;8920
CaseInstanceControllerBenchmark.LaunchCaseWithOneTask;CaseManagement.CMMN.Benchmark;CaseInstanceControllerBenchmark;LaunchCaseWithOneTask;InProcess;Default;Default;Default;Default;Default;Default;Default;Default;Default;Default;Default;Default;Default;Default;Default;Default;Default;Default;Default;Default;Default;Default;Default;Default;Default;Default;Default;InProcessEmitToolchain;Default;Default;Default;Default;Default;Default;Default;Default;Default;Default;Default;Default;InProcess(Toolchain=InProcessEmitToolchain);;1;Workload;Result;5;235177700;1;235177700;0;0;0;8920
CaseInstanceControllerBenchmark.LaunchCaseWithOneTask;CaseManagement.CMMN.Benchmark;CaseInstanceControllerBenchmark;LaunchCaseWithOneTask;InProcess;Default;Default;Default;Default;Default;Default;Default;Default;Default;Default;Default;Default;Default;Default;Default;Default;Default;Default;Default;Default;Default;Default;Default;Default;Default;Default;Default;InProcessEmitToolchain;Default;Default;Default;Default;Default;Default;Default;Default;Default;Default;Default;Default;InProcess(Toolchain=InProcessEmitToolchain);;1;Workload;Result;6;246079500;1;246079500;0;0;0;8920
CaseInstanceControllerBenchmark.LaunchCaseWithOneTask;CaseManagement.CMMN.Benchmark;CaseInstanceControllerBenchmark;LaunchCaseWithOneTask;InProcess;Default;Default;Default;Default;Default;Default;Default;Default;Default;Default;Default;Default;Default;Default;Default;Default;Default;Default;Default;Default;Default;Default;Default;Default;Default;Default;Default;InProcessEmitToolchain;Default;Default;Default;Default;Default;Default;Default;Default;Default;Default;Default;Default;InProcess(Toolchain=InProcessEmitToolchain);;1;Workload;Result;7;230968900;1;230968900;0;0;0;8920
CaseInstanceControllerBenchmark.LaunchCaseWithOneTask;CaseManagement.CMMN.Benchmark;CaseInstanceControllerBenchmark;LaunchCaseWithOneTask;InProcess;Default;Default;Default;Default;Default;Default;Default;Default;Default;Default;Default;Default;Default;Default;Default;Default;Default;Default;Default;Default;Default;Default;Default;Default;Default;Default;Default;InProcessEmitToolchain;Default;Default;Default;Default;Default;Default;Default;Default;Default;Default;Default;Default;InProcess(Toolchain=InProcessEmitToolchain);;1;Workload;Result;8;238194300;1;238194300;0;0;0;8920
CaseInstanceControllerBenchmark.LaunchCaseWithOneTask;CaseManagement.CMMN.Benchmark;CaseInstanceControllerBenchmark;LaunchCaseWithOneTask;InProcess;Default;Default;Default;Default;Default;Default;Default;Default;Default;Default;Default;Default;Default;Default;Default;Default;Default;Default;Default;Default;Default;Default;Default;Default;Default;Default;Default;InProcessEmitToolchain;Default;Default;Default;Default;Default;Default;Default;Default;Default;Default;Default;Default;InProcess(Toolchain=InProcessEmitToolchain);;1;Workload;Result;9;242296200;1;242296200;0;0;0;8920
CaseInstanceControllerBenchmark.LaunchCaseWithOneTask;CaseManagement.CMMN.Benchmark;CaseInstanceControllerBenchmark;LaunchCaseWithOneTask;InProcess;Default;Default;Default;Default;Default;Default;Default;Default;Default;Default;Default;Default;Default;Default;Default;Default;Default;Default;Default;Default;Default;Default;Default;Default;Default;Default;Default;InProcessEmitToolchain;Default;Default;Default;Default;Default;Default;Default;Default;Default;Default;Default;Default;InProcess(Toolchain=InProcessEmitToolchain);;1;Workload;Result;10;239487400;1;239487400;0;0;0;8920
CaseInstanceControllerBenchmark.LaunchCaseWithOneTask;CaseManagement.CMMN.Benchmark;CaseInstanceControllerBenchmark;LaunchCaseWithOneTask;InProcess;Default;Default;Default;Default;Default;Default;Default;Default;Default;Default;Default;Default;Default;Default;Default;Default;Default;Default;Default;Default;Default;Default;Default;Default;Default;Default;Default;InProcessEmitToolchain;Default;Default;Default;Default;Default;Default;Default;Default;Default;Default;Default;Default;InProcess(Toolchain=InProcessEmitToolchain);;1;Workload;Result;11;236481000;1;236481000;0;0;0;8920
CaseInstanceControllerBenchmark.LaunchCaseWithOneTask;CaseManagement.CMMN.Benchmark;CaseInstanceControllerBenchmark;LaunchCaseWithOneTask;InProcess;Default;Default;Default;Default;Default;Default;Default;Default;Default;Default;Default;Default;Default;Default;Default;Default;Default;Default;Default;Default;Default;Default;Default;Default;Default;Default;Default;InProcessEmitToolchain;Default;Default;Default;Default;Default;Default;Default;Default;Default;Default;Default;Default;InProcess(Toolchain=InProcessEmitToolchain);;1;Workload;Result;12;234606400;1;234606400;0;0;0;8920
CaseInstanceControllerBenchmark.LaunchCaseWithOneTask;CaseManagement.CMMN.Benchmark;CaseInstanceControllerBenchmark;LaunchCaseWithOneTask;InProcess;Default;Default;Default;Default;Default;Default;Default;Default;Default;Default;Default;Default;Default;Default;Default;Default;Default;Default;Default;Default;Default;Default;Default;Default;Default;Default;Default;InProcessEmitToolchain;Default;Default;Default;Default;Default;Default;Default;Default;Default;Default;Default;Default;InProcess(Toolchain=InProcessEmitToolchain);;1;Workload;Result;13;230470900;1;230470900;0;0;0;8920
CaseInstanceControllerBenchmark.LaunchCaseWithOneTask;CaseManagement.CMMN.Benchmark;CaseInstanceControllerBenchmark;LaunchCaseWithOneTask;InProcess;Default;Default;Default;Default;Default;Default;Default;Default;Default;Default;Default;Default;Default;Default;Default;Default;Default;Default;Default;Default;Default;Default;Default;Default;Default;Default;Default;InProcessEmitToolchain;Default;Default;Default;Default;Default;Default;Default;Default;Default;Default;Default;Default;InProcess(Toolchain=InProcessEmitToolchain);;1;Workload;Result;14;229798200;1;229798200;0;0;0;8920
CaseInstanceControllerBenchmark.LaunchCaseWithOneTask;CaseManagement.CMMN.Benchmark;CaseInstanceControllerBenchmark;LaunchCaseWithOneTask;InProcess;Default;Default;Default;Default;Default;Default;Default;Default;Default;Default;Default;Default;Default;Default;Default;Default;Default;Default;Default;Default;Default;Default;Default;Default;Default;Default;Default;InProcessEmitToolchain;Default;Default;Default;Default;Default;Default;Default;Default;Default;Default;Default;Default;InProcess(Toolchain=InProcessEmitToolchain);;1;Workload;Result;15;238017400;1;238017400;0;0;0;8920
CaseInstanceControllerBenchmark.LaunchCaseWithOneTask;CaseManagement.CMMN.Benchmark;CaseInstanceControllerBenchmark;LaunchCaseWithOneTask;InProcess;Default;Default;Default;Default;Default;Default;Default;Default;Default;Default;Default;Default;Default;Default;Default;Default;Default;Default;Default;Default;Default;Default;Default;Default;Default;Default;Default;InProcessEmitToolchain;Default;Default;Default;Default;Default;Default;Default;Default;Default;Default;Default;Default;InProcess(Toolchain=InProcessEmitToolchain);;1;Workload;Result;16;232462200;1;232462200;0;0;0;8920
